id,user_name,user_password,user_realname,user_birthday,user_id,create_time,update_time
6,yuyu,123456,李慧云,2018-09-09,610102199107230918,2018-09-24 13:18:07,2018-09-24 13:18:07
7,antonio,123456,王子安,2018-09-08,610102199107230918,2018-09-24 13:20:13,2018-09-24 13:20:13
8,yuyu,123456,李慧云,2018-09-09,610102199107230918,2018-09-24 13:20:13,2018-09-24 13:20:13
9,antonio,123456,王子安,2018-09-08,610102199107230918,2018-09-24 13:22:20,2018-09-24 13:22:20
10,yuyu,123456,李慧云,2018-09-09,610102199107230918,2018-09-24 13:22:20,2018-09-24 13:22:20
11,antonio,123456,王子安,2018-09-08,610102199107230918,2018-09-24 13:23:47,2018-09-24 13:23:47
12,yuyu,123456,李慧云,2018-09-09,610102199107230918,2018-09-24 13:23:47,2018-09-24 13:23:47
13,antonio,123456,王子安,2018-09-08,610102199107230918,2018-09-24 13:49:54,2018-09-24 13:49:54
14,yuyu,123456,李慧云,2018-09-09,610102199107230918,2018-09-24 13:49:54,2018-09-24 13:49:54
15,antonio,123456,王子安,2018-09-08,610102199107230918,2018-09-24 13:55:12,2018-12-21 19:51:18
16,yuyu,123456,李慧云,2018-09-09,610102199107230918,2018-09-24 13:55:12,2018-09-24 13:55:12
17,antonio,123456,王子安,2018-09-08,610102199107230918,2018-09-24 13:58:48,2018-09-24 13:58:48
18,yuyu,123456,李慧云,2018-09-09,610102199107230918,2018-09-24 13:58:48,2018-09-24 13:58:48
19,antonio,123456,王子安,2018-09-08,610102199107230918,2018-09-24 14:00:11,2018-09-24 14:00:11
20,yuyu,123456,李慧云,2018-09-09,610102199107230918,2018-09-24 14:00:11,2018-09-24 14:00:11
21,antonio,123456,王子安,2018-09-08,610102199107230918,2018-09-24 21:05:34,2018-09-24 21:05:34
22,yuyu,123456,李慧云,2018-09-09,610102199107230918,2018-09-24 21:05:34,2018-09-24 21:05:34
23,3333333,123456,王子安,2018-09-08,610102199107230918,2018-09-25 02:34:32,2018-10-04 02:32:30
24,yuyu,123456,李慧云,2018-09-09,610102199107230918,2018-09-25 02:34:32,2018-09-25 02:34:32
25,antonio,123456,王子安,2018-09-08,610102199107230918,2018-09-25 13:16:40,2018-09-25 13:16:40
26,yuyu,123456,李慧云,2018-09-09,610102199107230918,2018-09-25 13:16:40,2018-09-25 13:16:40
27,antonio,123456,王子安,2018-09-08,610102199107230918,2018-09-25 13:28:23,2018-09-25 13:28:23
28,yuyu,123456,李慧云,2018-09-09,610102199107230918,2018-09-25 13:28:23,2018-09-25 13:28:23
29,antonio,123456,王子安,2018-09-08,610102199107230918,2018-09-25 18:52:09,2018-09-25 18:52:09
30,yuyu,123456,李慧云,2018-09-09,610102199107230918,2018-09-25 18:52:09,2018-09-25 18:52:09
31,antonio,123456,王子安,2018-09-08,610102199107230918,2018-09-25 19:06:16,2018-09-25 19:06:16
32,yuyu,123456,李慧云,2018-09-09,610102199107230918,2018-09-25 19:06:16,2018-09-25 19:06:16
33,1,2,3,1970-01-01,4,2018-12-18 14:30:32,2018-12-18 14:30:32
